ID,x1,x2,x3,y,,,,,,,,,
1,0.21,0.35,0.30,97.20726473,,,,,,,,,
2,0.39,0.41,0.03,52.20226676,,,,,,,,,
3,0.37,0.35,0.24,107.5370446,,,,,,,,,
4,0.38,0.33,0.28,115.4091676,,,,,,,,,
5,0.17,0.42,0.01,15.19800966,,,,,,,,,
6,0.10,0.43,0.12,34.12143392,,,,,,,,,
7,0.19,0.45,0.29,82.65511031,,,,,,,,,
8,0.38,0.19,0.24,111.3406319,,,,,,,,,
